{"ENTITY_ID":13,"tables":[{"id":"603d1a1f-faed-4b07-a575-2fadc3ec55a7","position":{"x":-102,"y":-44},"data":{"table_name":"Cliente","fields":[{"fieldName":"Saldo","fieldType":3,"isPK":false,"isNotNull":false,"isUnique":false,"defaultValue":"2000","args":"","isAutoIncrement":false}],"next_id":7,"checkName":[],"checkCondition":[]}},{"id":"6c539e73-677e-46a2-9f8f-ac4241db302e","position":{"x":340,"y":-84},"data":{"table_name":"Artigos","fields":[{"fieldName":"ID_Art","fieldType":3,"isPK":true,"isNotNull":false,"isUnique":false,"defaultValue":"","args":[1,1],"isAutoIncrement":false},{"fieldName":"Tipo","fieldType":11,"isPK":false,"isNotNull":false,"isUnique":false,"defaultValue":"","args":["512"],"isAutoIncrement":false},{"fieldName":"Titulo","fieldType":11,"isPK":false,"isNotNull":false,"isUnique":false,"defaultValue":"","args":["512"],"isAutoIncrement":false},{"fieldName":"Preco","fieldType":3,"isPK":false,"isNotNull":false,"isUnique":false,"defaultValue":"","args":"","isAutoIncrement":false},{"fieldName":"Tempo_para_ver","fieldType":3,"isPK":false,"isNotNull":false,"isUnique":false,"defaultValue":"","args":"","isAutoIncrement":false},{"fieldName":"Detalhes","fieldType":11,"isPK":false,"isNotNull":false,"isUnique":false,"defaultValue":"","args":["512"],"isAutoIncrement":false}],"next_id":10,"checkName":[],"checkCondition":[]}},{"id":"c9dc2031-40d9-4a7f-98be-5de71a27dbec","position":{"x":341,"y":248},"data":{"table_name":"ADMIN","fields":[{"fieldName":"Codigo_seg","fieldType":3,"isPK":false,"isNotNull":false,"isUnique":false,"defaultValue":"","args":"","isAutoIncrement":false}],"next_id":5,"checkName":[],"checkCondition":[]}},{"id":"eaaa33f2-ecc1-49a5-b0d9-fe8950ee334b","position":{"x":-349,"y":107},"data":{"table_name":"Mensagem","fields":[{"fieldName":"id_msg","fieldType":3,"isPK":true,"isNotNull":false,"isUnique":false,"defaultValue":"","args":[1,1],"isAutoIncrement":false},{"fieldName":"Corpo","fieldType":11,"isPK":false,"isNotNull":false,"isUnique":false,"defaultValue":"","args":["512"],"isAutoIncrement":false},{"fieldName":"Mensagens_lida","fieldType":0,"isPK":false,"isNotNull":false,"isUnique":false,"defaultValue":"","args":"","isAutoIncrement":false},{"fieldName":"Assunto","fieldType":11,"isPK":false,"isNotNull":false,"isUnique":false,"defaultValue":"","args":["512"],"isAutoIncrement":false}],"next_id":4,"checkName":[],"checkCondition":[]}},{"id":"78f06d93-53fb-48d2-8c3c-1a04199aa77c","position":{"x":796,"y":74},"data":{"table_name":"Estatistica","fields":[{"fieldName":"ID_estatistica","fieldType":3,"isPK":true,"isNotNull":false,"isUnique":false,"defaultValue":"","args":[1,1],"isAutoIncrement":false},{"fieldName":"Total_clientes","fieldType":3,"isPK":false,"isNotNull":false,"isUnique":false,"defaultValue":"","args":"","isAutoIncrement":false},{"fieldName":"Total_Artigos","fieldType":3,"isPK":false,"isNotNull":false,"isUnique":false,"defaultValue":"","args":"","isAutoIncrement":false},{"fieldName":"Valor_Total_Alugados","fieldType":3,"isPK":false,"isNotNull":false,"isUnique":false,"defaultValue":"","args":"","isAutoIncrement":false},{"fieldName":"Valor_Total_alugueres","fieldType":3,"isPK":false,"isNotNull":false,"isUnique":false,"defaultValue":"","args":"","isAutoIncrement":false},{"fieldName":"total_art_por_tipo","fieldType":3,"isPK":false,"isNotNull":false,"isUnique":false,"defaultValue":"","args":"","isAutoIncrement":false},{"fieldName":"tempo_total_alugado","fieldType":3,"isPK":false,"isNotNull":false,"isUnique":false,"defaultValue":"","args":"","isAutoIncrement":false},{"fieldName":"Saldo_Total_Clientes","fieldType":3,"isPK":false,"isNotNull":false,"isUnique":false,"defaultValue":"","args":"","isAutoIncrement":false}],"next_id":9,"checkName":[],"checkCondition":[]}},{"id":"1927f08b-e932-4232-8133-d2df1c6a765c","position":{"x":349,"y":-257},"data":{"table_name":"Historico_Artigos","fields":[{"fieldName":"ID_Art","fieldType":3,"isPK":true,"isNotNull":false,"isUnique":false,"defaultValue":"","args":[1,1],"isAutoIncrement":false},{"fieldName":"Preco_anterior","fieldType":3,"isPK":false,"isNotNull":false,"isUnique":false,"defaultValue":"","args":"","isAutoIncrement":false},{"fieldName":"Data_mudanca","fieldType":3,"isPK":false,"isNotNull":false,"isUnique":false,"defaultValue":"","args":"","isAutoIncrement":false}],"next_id":3,"checkName":[],"checkCondition":[]}},{"id":"f44e7667-748f-4c25-b00b-9d34550e94f6","position":{"x":32,"y":109},"data":{"table_name":"Pessoa","fields":[{"fieldName":"ID_Pessoa","fieldType":3,"isPK":true,"isNotNull":false,"isUnique":false,"defaultValue":"","args":"","isAutoIncrement":false},{"fieldName":"Email","fieldType":11,"isPK":false,"isNotNull":false,"isUnique":false,"defaultValue":"","args":["512"],"isAutoIncrement":false},{"fieldName":"Nome","fieldType":11,"isPK":false,"isNotNull":false,"isUnique":false,"defaultValue":"","args":["512"],"isAutoIncrement":false},{"fieldName":"Password","fieldType":11,"isPK":false,"isNotNull":false,"isUnique":false,"defaultValue":"","args":["512"],"isAutoIncrement":false}],"next_id":4,"checkName":[],"checkCondition":[]}},{"id":"038c84fb-3044-4cdd-9535-b08ef531b6c6","position":{"x":674,"y":-258},"data":{"table_name":"Atores","fields":[{"fieldName":"ID_Ator","fieldType":3,"isPK":true,"isNotNull":false,"isUnique":false,"defaultValue":"","args":"","isAutoIncrement":false},{"fieldName":"primeiro_nome","fieldType":11,"isPK":false,"isNotNull":false,"isUnique":false,"defaultValue":"","args":["512"],"isAutoIncrement":false},{"fieldName":"segundo_nome","fieldType":11,"isPK":false,"isNotNull":false,"isUnique":false,"defaultValue":"","args":["512"],"isAutoIncrement":false}],"next_id":4,"checkName":[],"checkCondition":[]}},{"id":"3bd609f2-f707-4c36-84f4-0fbf9bd7e01c","position":{"x":995,"y":-260},"data":{"table_name":"Realizador","fields":[{"fieldName":"ID_Realizador","fieldType":3,"isPK":true,"isNotNull":false,"isUnique":false,"defaultValue":"","args":[1,1],"isAutoIncrement":false},{"fieldName":"primeiro_nome","fieldType":11,"isPK":false,"isNotNull":false,"isUnique":false,"defaultValue":"","args":["512"],"isAutoIncrement":false},{"fieldName":"segundo_nome","fieldType":11,"isPK":false,"isNotNull":false,"isUnique":false,"defaultValue":"","args":["512"],"isAutoIncrement":false}],"next_id":3,"checkName":[],"checkCondition":[]}},{"id":"c4682e3c-3376-4b24-8faf-688420b36987","position":{"x":768,"y":-146},"data":{"table_name":"Produtor","fields":[{"fieldName":"ID_Produtor","fieldType":3,"isPK":true,"isNotNull":false,"isUnique":false,"defaultValue":"","args":"","isAutoIncrement":false},{"fieldName":"primeiro_nome","fieldType":11,"isPK":false,"isNotNull":false,"isUnique":false,"defaultValue":"","args":["512"],"isAutoIncrement":false},{"fieldName":"segundo_nome","fieldType":11,"isPK":false,"isNotNull":false,"isUnique":false,"defaultValue":"","args":["512"],"isAutoIncrement":false}],"next_id":4,"checkName":[],"checkCondition":[]}},{"id":"e6ac510d-55ad-442e-9895-0c7b9c4c75f9","position":{"x":-40,"y":-257},"data":{"table_name":"aluguer","fields":[{"fieldName":"id_Aluguer","fieldType":3,"isPK":true,"isNotNull":false,"isUnique":false,"defaultValue":"","args":[1,1],"isAutoIncrement":false},{"fieldName":"Data","fieldType":3,"isPK":false,"isNotNull":false,"isUnique":false,"defaultValue":"","args":"","isAutoIncrement":false},{"fieldName":"Preco","fieldType":3,"isPK":false,"isNotNull":false,"isUnique":false,"defaultValue":"","args":"","isAutoIncrement":false},{"fieldName":"Data_Validade","fieldType":7,"isPK":false,"isNotNull":false,"isUnique":false,"defaultValue":"","args":"","isAutoIncrement":false},{"fieldName":"Tempo_Para_Ver","fieldType":3,"isPK":false,"isNotNull":false,"isUnique":false,"defaultValue":"","args":"","isAutoIncrement":false}],"next_id":6,"checkName":[],"checkCondition":[]}},{"id":"c17de110-18f6-400b-8f35-8a34f36616aa","position":{"x":-440,"y":-46},"data":{"table_name":"Registo_mensagem","fields":[{"fieldName":"ID_registo","fieldType":3,"isPK":true,"isNotNull":false,"isUnique":false,"defaultValue":"","args":[1,1],"isAutoIncrement":false},{"fieldName":"Mensagens_Lidas","fieldType":3,"isPK":false,"isNotNull":false,"isUnique":false,"defaultValue":"","args":"","isAutoIncrement":false}],"next_id":2,"checkName":[],"checkCondition":[]}}],"links":[{"source":"c9dc2031-40d9-4a7f-98be-5de71a27dbec","target":"6c539e73-677e-46a2-9f8f-ac4241db302e","order":"normal","sourceCard":"0:n","targetCard":"0:n","label":"Gestao","hierType":null,"sourceisweak":false,"targetisweak":false},{"source":"603d1a1f-faed-4b07-a575-2fadc3ec55a7","target":"6c539e73-677e-46a2-9f8f-ac4241db302e","order":"normal","sourceCard":"1:n","targetCard":"0:n","label":"Aluguer","hierType":null,"sourceisweak":false,"targetisweak":false},{"source":"603d1a1f-faed-4b07-a575-2fadc3ec55a7","target":"eaaa33f2-ecc1-49a5-b0d9-fe8950ee334b","order":"normal","sourceCard":"0:n","targetCard":"0:n","label":"acede","hierType":null,"sourceisweak":false,"targetisweak":false},{"source":"c9dc2031-40d9-4a7f-98be-5de71a27dbec","target":"eaaa33f2-ecc1-49a5-b0d9-fe8950ee334b","order":"normal","sourceCard":"0:1","targetCard":"0:n","label":"envia","hierType":null,"sourceisweak":false,"targetisweak":false},{"source":"6c539e73-677e-46a2-9f8f-ac4241db302e","target":"1927f08b-e932-4232-8133-d2df1c6a765c","order":"normal","sourceCard":"0:1","targetCard":"0:n","label":"Historico","hierType":null,"sourceisweak":false,"targetisweak":false},{"source":"c9dc2031-40d9-4a7f-98be-5de71a27dbec","target":"f44e7667-748f-4c25-b00b-9d34550e94f6","order":"parenting","sourceCard":"0:1","targetCard":"0:1","label":"concrete","hierType":"concrete","sourceisweak":false,"targetisweak":false},{"source":"603d1a1f-faed-4b07-a575-2fadc3ec55a7","target":"f44e7667-748f-4c25-b00b-9d34550e94f6","order":"parenting","sourceCard":"0:1","targetCard":"0:1","label":"concrete","hierType":"concrete","sourceisweak":false,"targetisweak":false},{"source":"6c539e73-677e-46a2-9f8f-ac4241db302e","target":"038c84fb-3044-4cdd-9535-b08ef531b6c6","order":"normal","sourceCard":"1:n","targetCard":"0:n","label":"pesquisa_p_a","hierType":null,"sourceisweak":false,"targetisweak":false},{"source":"6c539e73-677e-46a2-9f8f-ac4241db302e","target":"3bd609f2-f707-4c36-84f4-0fbf9bd7e01c","order":"normal","sourceCard":"1:n","targetCard":"0:n","label":"pesquisa_p_r","hierType":null,"sourceisweak":false,"targetisweak":false},{"source":"6c539e73-677e-46a2-9f8f-ac4241db302e","target":"c4682e3c-3376-4b24-8faf-688420b36987","order":"normal","sourceCard":"1:n","targetCard":"0:n","label":"pesquisa_p_p","hierType":null,"sourceisweak":false,"targetisweak":false},{"source":"e6ac510d-55ad-442e-9895-0c7b9c4c75f9","target":"603d1a1f-faed-4b07-a575-2fadc3ec55a7","order":"normal","sourceCard":"0:n","targetCard":"1:1","label":"alugues","hierType":null,"sourceisweak":false,"targetisweak":false},{"source":"e6ac510d-55ad-442e-9895-0c7b9c4c75f9","target":"6c539e73-677e-46a2-9f8f-ac4241db302e","order":"normal","sourceCard":"0:n","targetCard":"1:1","label":"registo","hierType":null,"sourceisweak":false,"targetisweak":false},{"source":"c17de110-18f6-400b-8f35-8a34f36616aa","target":"eaaa33f2-ecc1-49a5-b0d9-fe8950ee334b","order":"normal","sourceCard":"0:n","targetCard":"0:1","label":"Ler_mensagem","hierType":null,"sourceisweak":false,"targetisweak":false}],"normalization":0,"database":0}